month,fees_sum,revenue_sum,volume_sum,tvl_avg,tvl_eom,revenue_tvl_ratio,fees_tvl_ratio,month_str,revenue_tvl_ratio_pct,fees_tvl_ratio_pct
2025-09,3824067.0,3602480.0,8170792384.0,11154672200.833334,6601956892,0.0003229570475169,0.0003428219970206,2025-09,0.0323,0.0343
2025-10,3635269.0,3471323.0,3753362208.0,6699160511.16129,6997324716,0.0005181728358674,0.0005426454544481,2025-10,0.0518,0.0543
2025-11,2042778.0,1966120.0,2380663956.0,5304390620.133333,3463142879,0.0003706589768365,0.0003851107782761,2025-11,0.0371,0.0385
2025-12,979211.0,953986.0,953516102.0,3661875196.580645,3733733489,0.000260518436262,0.0002674069834259,2025-12,0.0261,0.0267
2026-01,1146695.0,1132884.0,788175165.0,3589505250.032258,3096886826,0.0003156100691006,0.000319457674561,2026-01,0.0316,0.0319
2026-02,592174.0,581836.0,645509011.0,2473232874.285714,2260382218,0.0002352532210166,0.0002394331751598,2026-02,0.0235,0.0239
2026-03,560542.0,552076.0,467427984.0,2177911214.709677,2070918575,0.000253488753936,0.0002573759647381,2026-03,0.0253,0.0257
2026-04,189859.0,188155.0,98534276.0,1973794300.5,1938725265,9.532654945469076e-05,9.61898613000884e-05,2026-04,0.0095,0.0096
